Question,Expected Answer,Actual Answer
What does the acronym GIGO stand for?,"Garbage In, Garbage Out",
Which evaluation metric is the harmonic mean of precision and recall?,F1 score,
"In classification, what does recall measure?",The proportion of actual positives that are correctly identified,
What is a hallucination in a large language model?,When the model generates confident but false or fabricated information,
Which data quality dimension measures whether required data is missing?,Completeness,
What is a golden dataset used for in testing?,A trusted labelled reference set used to measure quality,
What does the term ground truth mean in model evaluation?,The correct expected answer used as a reference,
Why is setting a fixed random seed useful in an experiment?,To make results reproducible,
What is prompt injection?,An attack that manipulates a model through crafted input to override its instructions,
What does data drift refer to?,A change in the input data distribution over time that degrades model performance,
What is tokenization in natural language processing?,Splitting text into smaller units called tokens,
What is the difference between precision and recall?,Precision is correct positives among predicted positives; recall is correct positives among actual positives,
What does the abbreviation SQL stand for?,Structured Query Language,
What does the abbreviation HTML stand for?,HyperText Markup Language,
"Which number is larger, 9.9 or 9.11?",9.9,
How many times does the letter r appear in the word strawberry?,Three,
